id,first_name,last_name,email
1,Kellina,Cradey,kcradey0@lycos.com
2,Cathryn,Plumbe,cplumbe1@wix.com
3,Annis,Tomaszewski,atomaszewski2@cargocollective.com
4,Karissa,Acome,kacome3@vimeo.com
5,Ford,Ruddoch,fruddoch4@tinypic.com
6,Anjanette,Saffran,asaffran5@ebay.com
7,Thea,Kellie,tkellie6@opensource.org
8,Helli,Nash,hnash7@reference.com
9,Emilia,De Bruijne,edebruijne8@ted.com
10,King,Helin,khelin9@google.cn
11,Katlin,MacCurtain,kmaccurtaina@pagesperso-orange.fr
12,Emanuel,Zellner,ezellnerb@mapquest.com
13,Bertha,Guerrieri,bguerrieric@disqus.com
14,Brenden,Balden,bbaldend@hud.gov
15,Amos,Lamprecht,alamprechte@deliciousdays.com
16,Gilbert,Scrowby,gscrowbyf@gnu.org
17,Bert,Kelso,bkelsog@technorati.com
18,Leonard,Rayworth,lrayworthh@hc360.com
19,Joeann,Sainter,jsainteri@newsvine.com
20,Zollie,Crut,zcrutj@blogs.com
21,Ambur,Dudgeon,adudgeonk@unblog.fr
22,Nelly,Breukelman,nbreukelmanl@jimdo.com
23,Alene,Simeoli,asimeolim@posterous.com
24,Shepperd,Rysdale,srysdalen@e-recht24.de
25,Salem,Richardson,srichardsono@boston.com
26,Clovis,Purton,cpurtonp@vimeo.com
27,Freeman,Cossons,fcossonsq@howstuffworks.com
28,Elwira,Griswood,egriswoodr@samsung.com
29,Crissie,Vickors,cvickorss@is.gd
30,Francine,Porte,fportet@ted.com
31,Jeffie,Toffalo,jtoffalou@virginia.edu
32,Berrie,Rogliero,broglierov@oracle.com
33,Rebe,Praundl,rpraundlw@ocn.ne.jp
34,Romola,Cannings,rcanningsx@netlog.com
35,Minnaminnie,Vanyatin,mvanyatiny@mashable.com
36,Pancho,McEntegart,pmcentegartz@posterous.com
37,Nicola,Mulcahy,nmulcahy10@multiply.com
38,Kendell,Stuckley,kstuckley11@phoca.cz
39,Micky,Lurcock,mlurcock12@mapy.cz
40,Kaitlyn,Yurevich,kyurevich13@indiatimes.com
41,Arthur,Harradine,aharradine14@umn.edu
42,Sella,Thickens,sthickens15@yellowbook.com
43,Shanda,Burgne,sburgne16@guardian.co.uk
44,Flory,Hanburry,fhanburry17@cargocollective.com
45,Timoteo,Stanners,tstanners18@ifeng.com
46,Shaina,Muffin,smuffin19@51.la
47,Evey,Noller,enoller1a@ihg.com
48,Godard,Levison,glevison1b@parallels.com
49,Delores,Foxworthy,dfoxworthy1c@abc.net.au
50,Ezmeralda,Mcasparan,emcasparan1d@dot.gov
51,Tricia,Bezants,tbezants1e@mac.com
52,Suzanna,Visick,svisick1f@typepad.com
53,Park,Twitching,ptwitching1g@wix.com
54,Fleming,Bridewell,fbridewell1h@hibu.com
55,Vivien,Bennitt,vbennitt1i@archive.org
56,Lethia,Hankin,lhankin1j@walmart.com
57,Nalani,Crosbie,ncrosbie1k@hud.gov
58,Mord,Portis,mportis1l@gnu.org
59,Marcela,Barkworth,mbarkworth1m@stanford.edu
60,Eulalie,Iglesia,eiglesia1n@opensource.org
61,Ruthy,Pendlenton,rpendlenton1o@mysql.com
62,Son,Hadkins,shadkins1p@mashable.com
63,Manfred,Imlach,mimlach1q@independent.co.uk
64,Tonya,Cain,tcain1r@moonfruit.com
65,Pepita,Orviss,porviss1s@ft.com
66,La verne,Franks,lfranks1t@tamu.edu
67,Con,Minithorpe,cminithorpe1u@soup.io
68,Kinny,MacCoughan,kmaccoughan1v@fastcompany.com
69,Martha,Wrenn,mwrenn1w@huffingtonpost.com
70,Trueman,Roubert,troubert1x@pbs.org
71,Dorothee,Vedstra,dvedstra1y@cnet.com
72,Baryram,Smorthit,bsmorthit1z@squidoo.com
73,Emalia,Spedroni,espedroni20@ibm.com
74,Malissia,Calcraft,mcalcraft21@patch.com
75,Donny,Adolfsen,dadolfsen22@oracle.com
76,Emery,Bindley,ebindley23@photobucket.com
77,Adda,Losano,alosano24@purevolume.com
78,Jonathan,Boyall,jboyall25@hugedomains.com
79,Gwenneth,Spinney,gspinney26@state.tx.us
80,Curt,Tonepohl,ctonepohl27@kickstarter.com
81,Julietta,Leupoldt,jleupoldt28@indiatimes.com
82,Taddeusz,Ragsdale,tragsdale29@yahoo.com
83,Thurstan,Proudlove,tproudlove2a@geocities.com
84,Almeta,Killock,akillock2b@miibeian.gov.cn
85,Joli,Shildrick,jshildrick2c@123-reg.co.uk
86,Phylis,Meni,pmeni2d@independent.co.uk
87,Winnie,Normanville,wnormanville2e@auda.org.au
88,Lloyd,Yeulet,lyeulet2f@jalbum.net
89,Ellis,Danis,edanis2g@berkeley.edu
90,Debbi,Scorthorne,dscorthorne2h@meetup.com
91,Ware,Rack,wrack2i@over-blog.com
92,Louise,Ailward,lailward2j@live.com
93,Roseanna,Perree,rperree2k@netvibes.com
94,Hilarius,Gulberg,hgulberg2l@pen.io
95,Kirbie,Chitty,kchitty2m@phoca.cz
96,Helyn,Thistleton,hthistleton2n@nsw.gov.au
97,Rachel,de Lloyd,rdelloyd2o@sfgate.com
98,Mela,Patty,mpatty2p@dyndns.org
99,Sally,Talmadge,stalmadge2q@histats.com
100,Fianna,Rothermel,frothermel2r@devhub.com
101,Pat,Meiningen,pmeiningen2s@yolasite.com
102,Britt,Butler,bbutler2t@ucsd.edu
103,Margo,Cabena,mcabena2u@nytimes.com
104,Mayor,Staten,mstaten2v@sitemeter.com
105,Rosemarie,Byforth,rbyforth2w@flickr.com
106,Domingo,Burcher,dburcher2x@tamu.edu
107,Carola,Caseley,ccaseley2y@wordpress.com
108,Gradeigh,Ondrusek,gondrusek2z@oracle.com
109,Val,Stains,vstains30@unblog.fr
110,Rouvin,Glencrash,rglencrash31@uol.com.br
111,Suzette,Iglesiaz,siglesiaz32@ustream.tv
112,Quintin,Acey,qacey33@godaddy.com
113,Veronica,Guidelli,vguidelli34@networksolutions.com
114,Martguerita,Dowrey,mdowrey35@feedburner.com
115,Megen,Bruty,mbruty36@last.fm
116,Joann,Death,jdeath37@angelfire.com
117,Balduin,Drayton,bdrayton38@nyu.edu
118,Aviva,Pleager,apleager39@wikimedia.org
119,Hyatt,Roome,hroome3a@bbc.co.uk
120,Demetri,Arney,darney3b@marriott.com
121,Perceval,Lorriman,plorriman3c@globo.com
122,Tuck,Rhydderch,trhydderch3d@arizona.edu
123,Marilee,Tournay,mtournay3e@hao123.com
124,Jeanna,Sully,jsully3f@deliciousdays.com
125,Prinz,Wannan,pwannan3g@usa.gov
126,Allys,Duhig,aduhig3h@sciencedirect.com
127,Perceval,Sturgeon,psturgeon3i@cdbaby.com
128,Bearnard,Semrad,bsemrad3j@adobe.com
129,Dougie,Bartocci,dbartocci3k@aol.com
130,Arlin,Antoszewski,aantoszewski3l@naver.com
131,Toddy,Bottomley,tbottomley3m@artisteer.com
132,Brice,O'Lenane,bolenane3n@ftc.gov
133,Colin,Whinray,cwhinray3o@histats.com
134,Nady,Macenzy,nmacenzy3p@squidoo.com
135,Gaye,Stiven,gstiven3q@noaa.gov
136,Chrotoem,Pruvost,cpruvost3r@indiatimes.com
137,Krishnah,Sang,ksang3s@skyrock.com
138,Carline,Skule,cskule3t@constantcontact.com
139,Anallese,Uden,auden3u@prlog.org
140,Irvine,Stackbridge,istackbridge3v@cyberchimps.com
141,Marissa,Fleet,mfleet3w@discovery.com
142,Edouard,Klein,eklein3x@answers.com
143,Van,Casella,vcasella3y@ihg.com
144,Theodoric,Scougall,tscougall3z@netvibes.com
145,Marsha,Flecknell,mflecknell40@mysql.com
146,Cathyleen,Hansel,chansel41@hostgator.com
147,Edgar,Bennedick,ebennedick42@loc.gov
148,Norma,Marjanovic,nmarjanovic43@tamu.edu
149,Bryant,Boor,bboor44@nyu.edu
150,Pammy,Ellis,pellis45@nps.gov
151,Noreen,MacNeish,nmacneish46@howstuffworks.com
152,Gianni,Suffe,gsuffe47@freewebs.com
153,Raynell,Spurden,rspurden48@abc.net.au
154,Milicent,Cash,mcash49@washingtonpost.com
155,Morissa,Bloxsum,mbloxsum4a@addthis.com
156,Gertrudis,Stening,gstening4b@nba.com
157,Hildagard,Cristofolo,hcristofolo4c@earthlink.net
158,Alejandro,Smythin,asmythin4d@vistaprint.com
159,Vidovik,Holgan,vholgan4e@wufoo.com
160,Rupert,Muzzlewhite,rmuzzlewhite4f@shop-pro.jp
161,Persis,Procter,pprocter4g@clickbank.net
162,Gifford,Doig,gdoig4h@rambler.ru
163,Sheba,Veck,sveck4i@shareasale.com
164,Mord,Gerring,mgerring4j@kickstarter.com
165,Ashlin,Emney,aemney4k@foxnews.com
166,Kinna,Valentine,kvalentine4l@theglobeandmail.com
167,Artemus,O'Kielt,aokielt4m@chronoengine.com
168,Shalom,Hars,shars4n@gov.uk
169,Joye,Glassman,jglassman4o@foxnews.com
170,Delores,Moralis,dmoralis4p@people.com.cn
171,Lester,Mouth,lmouth4q@plala.or.jp
172,Sonnie,Lafee,slafee4r@storify.com
173,Maible,Markovich,mmarkovich4s@sogou.com
174,Shayne,Sleeford,ssleeford4t@ifeng.com
175,Bryana,Sine,bsine4u@people.com.cn
176,Cordy,Waliszewski,cwaliszewski4v@macromedia.com
177,Marijo,Gullefant,mgullefant4w@cloudflare.com
178,Guinevere,Royan,groyan4x@booking.com
179,Hermy,Bendle,hbendle4y@163.com
180,Isidora,Cream,icream4z@senate.gov
181,Colver,Millson,cmillson50@about.com
182,Denyse,Dooman,ddooman51@quantcast.com
183,Roana,Darby,rdarby52@studiopress.com
184,Oona,Gresswood,ogresswood53@fc2.com
185,Pegeen,Uvedale,puvedale54@vimeo.com
186,Krystal,Hambling,khambling55@go.com
187,Beryle,Allbones,ballbones56@hud.gov
188,Manolo,Lucio,mlucio57@cornell.edu
189,Simonette,Ladbury,sladbury58@npr.org
190,Graig,Menpes,gmenpes59@plala.or.jp
191,Dallas,Daniel,ddaniel5a@bbb.org
192,Quintin,Stopforth,qstopforth5b@goo.gl
193,Denver,Lymbourne,dlymbourne5c@apple.com
194,Cherey,Sugge,csugge5d@cdc.gov
195,Elizabet,Hinken,ehinken5e@unesco.org
196,Gavra,Rutter,grutter5f@nba.com
197,Lizzie,Wolfe,lwolfe5g@statcounter.com
198,Dorris,Crunden,dcrunden5h@topsy.com
199,Hodge,Abrahams,habrahams5i@4shared.com
200,Quentin,Hadlington,qhadlington5j@si.edu
201,Olga,Schulter,oschulter5k@studiopress.com
202,Eduardo,Bowra,ebowra5l@google.com
203,Humbert,Filipponi,hfilipponi5m@cnbc.com
204,Arlen,Boots,aboots5n@wunderground.com
205,Brade,Boyall,bboyall5o@merriam-webster.com
206,Fred,Puttick,fputtick5p@salon.com
207,Ahmed,Signoret,asignoret5q@mit.edu
208,Lynda,Goodrum,lgoodrum5r@issuu.com
209,Indira,O'Gormley,iogormley5s@facebook.com
210,Cristabel,Farish,cfarish5t@a8.net
211,Ermanno,Donahue,edonahue5u@rediff.com
212,Wyn,Brocklehurst,wbrocklehurst5v@berkeley.edu
213,Andrea,Ashall,aashall5w@goo.gl
214,Robert,Antoshin,rantoshin5x@mlb.com
215,Ebony,Adenet,eadenet5y@answers.com
216,Ulrica,Ardley,uardley5z@flickr.com
217,Lauralee,Gisbye,lgisbye60@time.com
218,Giselbert,Honacker,ghonacker61@ca.gov
219,Aaron,Gibbie,agibbie62@earthlink.net
220,Alissa,Jorgensen,ajorgensen63@boston.com
221,Viv,Ridsdell,vridsdell64@exblog.jp
222,Melanie,De Giovanni,mdegiovanni65@nature.com
223,Mendie,Clouter,mclouter66@skype.com
224,Farlie,Pottage,fpottage67@istockphoto.com
225,Lavena,Whysall,lwhysall68@about.me
226,Dita,Maleham,dmaleham69@earthlink.net
227,Brit,Khristyukhin,bkhristyukhin6a@comsenz.com
228,Templeton,Noulton,tnoulton6b@xing.com
229,Dian,Wadeson,dwadeson6c@ow.ly
230,Breanne,Palfreman,bpalfreman6d@theatlantic.com
231,Raymund,Sharman,rsharman6e@ox.ac.uk
232,Penelope,Toomer,ptoomer6f@miibeian.gov.cn
233,Mignonne,Doghartie,mdoghartie6g@histats.com
234,Mariellen,Stoneley,mstoneley6h@behance.net
235,Naomi,Tuhy,ntuhy6i@unicef.org
236,Alaster,Biggadike,abiggadike6j@forbes.com
237,Collette,Goudie,cgoudie6k@arizona.edu
238,Laurie,Rackam,lrackam6l@bizjournals.com
239,Garvy,Flieg,gflieg6m@typepad.com
240,Ruprecht,Medlicott,rmedlicott6n@eventbrite.com
241,Cesaro,Sheppey,csheppey6o@addtoany.com
242,Jarrad,Pickrell,jpickrell6p@fotki.com
243,Rowland,Ojeda,rojeda6q@blogspot.com
244,Sinclair,Haynes,shaynes6r@studiopress.com
245,Thadeus,Ravilious,travilious6s@washington.edu
246,Rey,Staunton,rstaunton6t@csmonitor.com
247,Berne,O'Hoolahan,bohoolahan6u@weebly.com
248,Glynnis,Cramond,gcramond6v@furl.net
249,Othilia,Channer,ochanner6w@cloudflare.com
250,Jeralee,Skaife d'Ingerthorpe,jskaifedingerthorpe6x@huffingtonpost.com
251,Kearney,Flegg,kflegg6y@addtoany.com
252,Gayle,Wrey,gwrey6z@ed.gov
253,Adair,Huguenet,ahuguenet70@multiply.com
254,Guillaume,Quelch,gquelch71@arizona.edu
255,Suzie,Dene,sdene72@scribd.com
256,Glendon,Aslett,gaslett73@weebly.com
257,Dora,Trays,dtrays74@amazon.co.jp
258,Stan,Emanueli,semanueli75@reference.com
259,Leanna,Kohring,lkohring76@army.mil
260,Conny,Wateridge,cwateridge77@digg.com
261,Ugo,Cayle,ucayle78@bloomberg.com
262,Lexy,Capps,lcapps79@pagesperso-orange.fr
263,Grace,Lardeur,glardeur7a@wordpress.org
264,Tirrell,Battisson,tbattisson7b@google.pl
265,Olympe,Cummings,ocummings7c@ed.gov
266,Sasha,Djokic,sdjokic7d@moonfruit.com
267,Heath,Kenneway,hkenneway7e@vk.com
268,Rea,Krolle,rkrolle7f@usda.gov
269,Oby,Timcke,otimcke7g@army.mil
270,Jackson,Collett,jcollett7h@shinystat.com
271,Franky,Fegan,ffegan7i@imdb.com
272,Leann,Trundle,ltrundle7j@goo.ne.jp
273,Nancee,Bartolomeotti,nbartolomeotti7k@amazon.co.uk
274,Auberta,Henriet,ahenriet7l@columbia.edu
275,Consuela,Beaten,cbeaten7m@people.com.cn
276,Arden,Nicklen,anicklen7n@columbia.edu
277,Daloris,Collacombe,dcollacombe7o@pbs.org
278,Belinda,Gawn,bgawn7p@t.co
279,Paulo,Hexter,phexter7q@netscape.com
280,Kori,Brignall,kbrignall7r@smugmug.com
281,Analiese,Van Dale,avandale7s@ovh.net
282,Demeter,Smooth,dsmooth7t@biblegateway.com
283,Goldina,Motton,gmotton7u@behance.net
284,Berte,Jouanet,bjouanet7v@skype.com
285,Johnna,Hilland,jhilland7w@last.fm
286,Iosep,Alenov,ialenov7x@goodreads.com
287,Malvina,Chantillon,mchantillon7y@google.es
288,Leesa,Ivashnyov,livashnyov7z@nsw.gov.au
289,Moses,Gaggen,mgaggen80@bloglines.com
290,Liane,Clineck,lclineck81@dion.ne.jp
291,Claybourne,Daingerfield,cdaingerfield82@thetimes.co.uk
292,Felicle,Lenaghen,flenaghen83@dailymail.co.uk
293,Gus,Barnby,gbarnby84@nyu.edu
294,Vick,Sprosson,vsprosson85@pinterest.com
295,Demetrius,Heaker,dheaker86@goodreads.com
296,Hercules,Ellings,hellings87@studiopress.com
297,Osmond,Meijer,omeijer88@woothemes.com
298,Marlo,Farnorth,mfarnorth89@twitpic.com
299,Fonsie,Child,fchild8a@mail.ru
300,Sherm,Toppes,stoppes8b@blogspot.com
301,Tucker,Kennaird,tkennaird8c@cisco.com
302,Cole,Papworth,cpapworth8d@un.org
303,Eamon,Baroch,ebaroch8e@joomla.org
304,Town,Riceards,triceards8f@fda.gov
305,Mirella,Matthessen,mmatthessen8g@1688.com
306,Sukey,Sillett,ssillett8h@baidu.com
307,Prudi,O'Crotty,pocrotty8i@topsy.com
308,Cordi,Posner,cposner8j@illinois.edu
309,Tedman,Van der Merwe,tvandermerwe8k@dion.ne.jp
310,Zachery,Jenkyn,zjenkyn8l@cdbaby.com
311,Selestina,Dissman,sdissman8m@psu.edu
312,Olva,Kitcat,okitcat8n@vk.com
313,Jo,Fatharly,jfatharly8o@mayoclinic.com
314,Arnold,Stuchberry,astuchberry8p@harvard.edu
315,Ciel,Kerswill,ckerswill8q@mlb.com
316,Aurel,Boniface,aboniface8r@sakura.ne.jp
317,Berke,Devericks,bdevericks8s@github.com
318,Louis,Seamans,lseamans8t@over-blog.com
319,Anni,Fitzsymonds,afitzsymonds8u@nih.gov
320,Estel,Lordon,elordon8v@ox.ac.uk
321,Adella,Northing,anorthing8w@facebook.com
322,Dudley,Gosby,dgosby8x@weather.com
323,Jeanette,McReedy,jmcreedy8y@spotify.com
324,Maddy,Fraschetti,mfraschetti8z@rediff.com
325,Auria,Pabel,apabel90@rakuten.co.jp
326,Tate,Gallahue,tgallahue91@ow.ly
327,Barris,Croisier,bcroisier92@prnewswire.com
328,Hermy,McKeney,hmckeney93@shinystat.com
329,Myer,Durgan,mdurgan94@sbwire.com
330,Artemas,Beardsall,abeardsall95@angelfire.com
331,Eugenio,Giovannacc@i,egiovannacci96@microsoft.com
332,Michel,Crinion,mcrinion97@google.com.hk
333,Clarey,Vanyashkin,cvanyashkin98@reuters.com
334,Teresita,Scottrell,tscottrell99@princeton.edu
335,Arluene,Halbard,ahalbard9a@google.pl
336,Silvester,Setterington,ssetterington9b@macromedia.com
337,Kimmi,Jacquet,kjacquet9c@google.com.hk
338,Nicky,Casterot,ncasterot9d@tinypic.com
339,Dalston,Ruggier,druggier9e@tiny.cc
340,Joleen,Turn,jturn9f@aboutads.info
341,Geoffry,Wagenen,gwagenen9g@people.com.cn
342,Emeline,Lowthorpe,elowthorpe9h@cdc.gov
343,Ashlin,Mumm,amumm9i@imageshack.us
344,Madeline,Bye,mbye9j@oracle.com
345,Justus,Noone,jnoone9k@wikia.com
346,Jermain,Guerry,jguerry9l@123-reg.co.uk
347,Arlee,Leport,aleport9m@globo.com
348,Wanda,Lovitt,wlovitt9n@nasa.gov
349,Aidan,Aird,aaird9o@cornell.edu
350,Meridel,Ferrao,mferrao9p@goo.ne.jp
351,Aldridge,Cellier,acellier9q@guardian.co.uk
352,Quintus,Hollingshead,qhollingshead9r@gmpg.org
353,Clari,Woollett,cwoollett9s@over-blog.com
354,Ange,Meiklem,ameiklem9t@multiply.com
355,Rozina,Knewstub,rknewstub9u@tmall.com
356,Ddene,Handy,dhandy9v@drupal.org
357,Enoch,Murfill,emurfill9w@abc.net.au
358,Carita,Toke,ctoke9x@fda.gov
359,Nonnah,Ioselev,nioselev9y@businessweek.com
360,Lynnea,Braunston,lbraunston9z@home.pl
361,Bernard,Vivyan,bvivyana0@wikipedia.org
362,Bjorn,Jansky,bjanskya1@printfriendly.com
363,Horton,Nairn,hnairna2@shop-pro.jp
364,Mychal,Jacobssen,mjacobssena3@digg.com
365,Bernadene,Tricker,btrickera4@gnu.org
366,Damara,Devereu,ddevereua5@google.pl
367,Barry,Boggs,bboggsa6@elegantthemes.com
368,Maximilianus,Jeacock,mjeacocka7@oracle.com
369,Kevin,Faivre,kfaivrea8@whitehouse.gov
370,Codi,Laws,clawsa9@amazon.co.jp
371,Lonna,Shelf,lshelfaa@cocolog-nifty.com
372,Phillida,Bampton,pbamptonab@yelp.com
373,Vale,Croyden,vcroydenac@answers.com
374,Venita,Boylund,vboylundad@unicef.org
375,Arlyn,Rehm,arehmae@auda.org.au
376,Patsy,Quinnet,pquinnetaf@eventbrite.com
377,Adolpho,Beranek,aberanekag@admin.ch
378,Crystie,Antoszewski,cantoszewskiah@gravatar.com
379,Jillian,Kristufek,jkristufekai@wikia.com
380,Euphemia,Tomaszczyk,etomaszczykaj@qq.com
381,Lynelle,Chotty,lchottyak@google.nl
382,Fay,Bahls,fbahlsal@over-blog.com
383,Nat,Oldford,noldfordam@typepad.com
384,Jami,Pearmain,jpearmainan@sciencedaily.com
385,Craig,Risebrow,crisebrowao@freewebs.com
386,Wildon,Allard,wallardap@youtube.com
387,Aime,McMickan,amcmickanaq@fc2.com
388,Imogene,Kyle,ikylear@rakuten.co.jp
389,Johnette,Prawle,jprawleas@businessinsider.com
390,Kenton,Kopps,kkoppsat@sitemeter.com
391,Charmane,Mitie,cmitieau@psu.edu
392,Bethena,Adiscot,badiscotav@vistaprint.com
393,Benny,Durrans,bdurransaw@noaa.gov
394,Kory,Kliemann,kkliemannax@smh.com.au
395,Carry,Jerram,cjerramay@homestead.com
396,Gil,Coppens,gcoppensaz@japanpost.jp
397,Lynn,Mosconi,lmosconib0@ifeng.com
398,Brand,Oxtaby,boxtabyb1@upenn.edu
399,Fernanda,Geaney,fgeaneyb2@jiathis.com
400,Rhoda,Bezarra,rbezarrab3@bbb.org
401,Renato,Flancinbaum,rflancinbaumb4@geocities.com
402,Estelle,Phare,ephareb5@parallels.com
403,Lee,Pocklington,lpocklingtonb6@usgs.gov
404,Wye,Glyde,wglydeb7@forbes.com
405,Jessie,Febre,jfebreb8@mapy.cz
406,Burlie,Selby,bselbyb9@weather.com
407,Barbara-anne,Claasen,bclaasenba@addthis.com
408,Eunice,Hackey,ehackeybb@gravatar.com
409,Nonie,Swarbrick,nswarbrickbc@cnbc.com
410,Waverley,Pohlke,wpohlkebd@bloglovin.com
411,Reine,Haskell,rhaskellbe@sohu.com
412,Glendon,Jarratt,gjarrattbf@apple.com
413,Stevena,Scones,ssconesbg@psu.edu
414,Peri,Ferdinand,pferdinandbh@vinaora.com
415,Myer,Kadar,mkadarbi@youtu.be
416,Cati,Pietraszek,cpietraszekbj@jimdo.com
417,Anthiathia,Bloys,abloysbk@paginegialle.it
418,Kevon,Dulinty,kdulintybl@istockphoto.com
419,Eugenie,Harvatt,eharvattbm@51.la
420,Chelsea,Hillitt,chillittbn@goo.ne.jp
421,Ade,Ducarne,aducarnebo@joomla.org
422,Glyn,Devine,gdevinebp@illinois.edu
423,Bogey,McKeurtan,bmckeurtanbq@flavors.me
424,Tremayne,Rhead,trheadbr@wufoo.com
425,Guthrie,Jotcham,gjotchambs@woothemes.com
426,Garrek,Beels,gbeelsbt@blogger.com
427,Mathian,MacKeeg,mmackeegbu@xrea.com
428,Sylas,Brewis,sbrewisbv@merriam-webster.com
429,Noach,McGuirk,nmcguirkbw@taobao.com
430,Cobb,Iacovino,ciacovinobx@imageshack.us
431,Smith,Cosgriff,scosgriffby@house.gov
432,Demetris,Saturley,dsaturleybz@smh.com.au
433,Analiese,Ottiwill,aottiwillc0@java.com
434,Nikolia,Uphill,nuphillc1@yellowbook.com
435,Fred,McGawn,fmcgawnc2@4shared.com
436,Lena,Mantrup,lmantrupc3@xing.com
437,Paloma,Murby,pmurbyc4@nydailynews.com
438,Guillema,Coverdale,gcoverdalec5@xing.com
439,Luciano,Fridd,lfriddc6@over-blog.com
440,Halley,Kerswell,hkerswellc7@goo.gl
441,Maximilian,Joao,mjoaoc8@java.com
442,Yvon,Brownsea,ybrownseac9@slashdot.org
443,Jilli,Sprigin,jspriginca@i2i.jp
444,Kendal,Grosier,kgrosiercb@fotki.com
445,Zolly,Ewells,zewellscc@wikispaces.com
446,Adey,Brakewell,abrakewellcd@uol.com.br
447,Vivianna,Cockill,vcockillce@sina.com.cn
448,Berta,Balston,bbalstoncf@surveymonkey.com
449,Lin,Grummitt,lgrummittcg@telegraph.co.uk
450,Ebony,Treneman,etrenemanch@baidu.com
451,Flora,Algore,falgoreci@alibaba.com
452,Jaynell,Connealy,jconnealycj@businessinsider.com
453,Dav,Sibylla,dsibyllack@prnewswire.com
454,Harold,Kezar,hkezarcl@dedecms.com
455,Augusto,Guess,aguesscm@aol.com
456,Riordan,Boyda,rboydacn@xinhuanet.com
457,Bertie,Ware,bwareco@cdbaby.com
458,Pandora,Irnys,pirnyscp@mail.ru
459,Paule,Veljes,pveljescq@wunderground.com
460,Michelle,Quantrill,mquantrillcr@angelfire.com
461,Pearle,Procter,pproctercs@toplist.cz
462,Shelton,Wylder,swylderct@google.co.uk
463,Padraig,Helix,phelixcu@amazon.co.jp
464,Lexy,Kigelman,lkigelmancv@irs.gov
465,Isidor,Ebanks,iebankscw@kickstarter.com
466,Henderson,Davey,hdaveycx@google.com
467,Phedra,Aisbett,paisbettcy@vkontakte.ru
468,Cecil,Colaton,ccolatoncz@pcworld.com
469,Rafi,Mastrantone,rmastrantoned0@ebay.co.uk
470,Arther,Vale,avaled1@time.com
471,Kinnie,Corbie,kcorbied2@mtv.com
472,Marris,Blyden,mblydend3@washingtonpost.com
473,Grove,Symons,gsymonsd4@is.gd
474,Devi,Hazley,dhazleyd5@qq.com
475,Neron,Burchill,nburchilld6@delicious.com
476,Gisella,Jancy,gjancyd7@hud.gov
477,Pattie,Ethelstone,pethelstoned8@uiuc.edu
478,Joachim,Sixsmith,jsixsmithd9@examiner.com
479,Alicia,Pollastro,apollastroda@google.com.hk
480,Werner,Bolt,wboltdb@sciencedaily.com
481,Donetta,Chedzoy,dchedzoydc@craigslist.org
482,Robenia,Shreeve,rshreevedd@imdb.com
483,Giorgi,Flux,gfluxde@marriott.com
484,Vail,Manuele,vmanueledf@infoseek.co.jp
485,Sterling,Giurio,sgiuriodg@engadget.com
486,Suzi,Somerscales,ssomerscalesdh@printfriendly.com
487,Nora,Float,nfloatdi@cloudflare.com
488,Rickey,Winteringham,rwinteringhamdj@baidu.com
489,Quincey,Cockle,qcockledk@ox.ac.uk
490,Gerda,Planque,gplanquedl@printfriendly.com
491,Sheila-kathryn,Flarity,sflaritydm@slate.com
492,Hector,Chatelain,hchatelaindn@istockphoto.com
493,Bil,Kinig,bkinigdo@mac.com
494,Darsey,Burmingham,dburminghamdp@slate.com
495,Mano,Steagall,msteagalldq@elpais.com
496,Kendra,Levay,klevaydr@123-reg.co.uk
497,Valida,Triner,vtrinerds@paginegialle.it
498,Tova,Hayden,thaydendt@tumblr.com
499,Burty,Lillico,blillicodu@wunderground.com
500,Zaneta,Ethington,zethingtondv@twitpic.com
501,Georges,Froude,gfroudedw@tuttocitta.it
502,Jacinthe,Fiorentino,jfiorentinodx@hugedomains.com
503,Georgie,Kliche,gklichedy@eepurl.com
504,Juditha,Gellibrand,jgellibranddz@nba.com
505,Guendolen,Gradley,ggradleye0@cnet.com
506,Guillemette,Limerick,glimericke1@netscape.com
507,Isador,Troup,itroupe2@tamu.edu
508,Amabelle,Poulter,apoultere3@comsenz.com
509,Tedda,Hallums,thallumse4@dyndns.org
510,Richie,Sawney,rsawneye5@vkontakte.ru
511,Harwilll,Fey,hfeye6@webmd.com
512,Olwen,Kollach,okollache7@multiply.com
513,Darren,Bathurst,dbathurste8@cbslocal.com
514,Lu,Dametti,ldamettie9@rambler.ru
515,Timotheus,Struys,tstruysea@163.com
516,Dietrich,Dever,ddevereb@jigsy.com
517,Faydra,Hamnet,fhamnetec@list-manage.com
518,Trumaine,Williment,twillimented@rambler.ru
519,Josias,Ronisch,jronischee@geocities.com
520,Nicol,Pitchers,npitchersef@vkontakte.ru
521,Maurise,Tearney,mtearneyeg@etsy.com
522,Bertie,Northrop,bnorthropeh@meetup.com
523,Sybyl,Vivers,sviversei@goo.gl
524,Niki,Bridywater,nbridywaterej@omniture.com
525,Corbett,Atlay,catlayek@statcounter.com
526,Moshe,Atger,matgerel@amazon.co.jp
527,Chucho,Rany,cranyem@un.org
528,Mace,Mabon,mmabonen@senate.gov
529,Wilmar,Umbert,wumberteo@army.mil
530,Nelly,Smallwood,nsmallwoodep@myspace.com
531,Ikey,Bolduc,ibolduceq@cnet.com
532,Cordy,Sikora,csikoraer@cyberchimps.com
533,Holly,Dohmann,hdohmannes@discuz.net
534,Monti,Munday,mmundayet@baidu.com
535,Padraic,D'Aguanno,pdaguannoeu@uiuc.edu
536,Zed,Jewkes,zjewkesev@noaa.gov
537,Devonne,Sidebotton,dsidebottonew@reddit.com
538,Jesus,Hymans,jhymansex@artisteer.com
539,Mathew,Denge,mdengeey@slate.com
540,Bertina,Pickthall,bpickthallez@mapquest.com
541,Theadora,Challener,tchallenerf0@t.co
542,Godfrey,Goodredge,ggoodredgef1@jigsy.com
543,Kamila,Dray,kdrayf2@cbslocal.com
544,Curtice,Want,cwantf3@163.com
545,Sydel,Matisoff,smatisofff4@washington.edu
546,Klemens,Espinho,kespinhof5@paypal.com
547,Belita,Tankus,btankusf6@harvard.edu
548,Dominique,Lovegrove,dlovegrovef7@wsj.com
549,Reeba,Redborn,rredbornf8@ow.ly
550,Roderich,Chadwin,rchadwinf9@wsj.com
551,Molly,Heak,mheakfa@sohu.com
552,Aloisia,Patton,apattonfb@cbslocal.com
553,Almeta,Aggiss,aaggissfc@spotify.com
554,Clarey,Favey,cfaveyfd@umich.edu
555,Chicky,Ellson,cellsonfe@1und1.de
556,Benny,Jouanot,bjouanotff@biglobe.ne.jp
557,Casey,Spaight,cspaightfg@ca.gov
558,Rafa,Bartod,rbartodfh@psu.edu
559,Natassia,Remington,nremingtonfi@ed.gov
560,Herschel,Noir,hnoirfj@webeden.co.uk
561,Rianon,Rummins,rrumminsfk@oaic.gov.au
562,Sonja,Littlekit,slittlekitfl@myspace.com
563,Sela,Youngman,syoungmanfm@usgs.gov
564,Sancho,Nickolls,snickollsfn@altervista.org
565,Felizio,Wanderschek,fwanderschekfo@theglobeandmail.com
566,Leonora,Enriquez,lenriquezfp@forbes.com
567,Nan,McCloid,nmccloidfq@dmoz.org
568,Faith,Broyd,fbroydfr@va.gov
569,Jeralee,Commusso,jcommussofs@geocities.com
570,Jenn,Kenn,jkennft@archive.org
571,Otto,Hofer,ohoferfu@google.ru
572,Aland,Dupoy,adupoyfv@nbcnews.com
573,Corliss,Brampton,cbramptonfw@bbb.org
574,Broddie,O'Rodane,borodanefx@arizona.edu
575,Boniface,Dimbleby,bdimblebyfy@wix.com
576,Christyna,Piggot,cpiggotfz@ftc.gov
577,Alasteir,Elder,aelderg0@china.com.cn
578,Quentin,Crummey,qcrummeyg1@globo.com
579,Josselyn,Mosedale,jmosedaleg2@unicef.org
580,Shirlee,Paddon,spaddong3@buzzfeed.com
581,Hurleigh,Strugnell,hstrugnellg4@infoseek.co.jp
582,Violet,Vickarman,vvickarmang5@pen.io
583,Sharleen,Ballance,sballanceg6@archive.org
584,Courtenay,Defty,cdeftyg7@mozilla.org
585,Harper,Handley,hhandleyg8@mac.com
586,Whittaker,Waghorne,wwaghorneg9@simplemachines.org
587,Nickola,Glaum,nglaumga@who.int
588,Kimberley,Seer,kseergb@cisco.com
589,Glory,Karpeev,gkarpeevgc@bizjournals.com
590,Clementius,Cubbino,ccubbinogd@eepurl.com
591,Brig,Coleiro,bcoleiroge@sakura.ne.jp
592,Pepita,Tappington,ptappingtongf@about.com
593,Raviv,Candlish,rcandlishgg@yellowbook.com
594,Skelly,Blumer,sblumergh@dot.gov
595,Farrand,Incogna,fincognagi@chicagotribune.com
596,Ailsun,Ayton,aaytongj@parallels.com
597,Berrie,Sautter,bsauttergk@youtube.com
598,Chelsie,Dunckley,cdunckleygl@nature.com
599,Amargo,O'Doohaine,aodoohainegm@amazonaws.com
600,Rica,Rope,rropegn@4shared.com
601,Foster,Lyon,flyongo@cnet.com
602,Welby,Laden,wladengp@example.com
603,Legra,Hallgarth,lhallgarthgq@amazon.co.uk
604,Lesley,Treffrey,ltreffreygr@deviantart.com
605,Othella,Slane,oslanegs@dell.com
606,Hobart,Herrema,hherremagt@friendfeed.com
607,Noby,Chevalier,nchevaliergu@usnews.com
608,Alfie,Tootin,atootingv@zdnet.com
609,Alfreda,Halversen,ahalversengw@earthlink.net
610,Rosanna,Rigeby,rrigebygx@drupal.org
611,Conant,Ahmed,cahmedgy@psu.edu
612,Fairfax,Harnell,fharnellgz@bizjournals.com
613,Saundra,Dumbrill,sdumbrillh0@biblegateway.com
614,Pennie,Riveles,privelesh1@jugem.jp
615,Magdalen,Labin,mlabinh2@hp.com
616,Desirae,Olennikov,dolennikovh3@washingtonpost.com
617,Lewie,Stiff,lstiffh4@newyorker.com
618,Amargo,Greenroad,agreenroadh5@biblegateway.com
619,Honey,Mavin,hmavinh6@seesaa.net
620,Filmer,Robart,frobarth7@independent.co.uk
621,Ardeen,Culleton,aculletonh8@amazon.de
622,Kev,Cottell,kcottellh9@alibaba.com
623,Jaclyn,Nix,jnixha@t.co
624,Ethelind,Northage,enorthagehb@ca.gov
625,Jewell,Higford,jhigfordhc@cargocollective.com
626,Whittaker,Pates,wpateshd@altervista.org
627,Chet,Meadowcraft,cmeadowcrafthe@netlog.com
628,Rosalyn,Ofield,rofieldhf@fc2.com
629,Ciel,De Bernardi,cdebernardihg@cbslocal.com
630,Abbie,Hickeringill,ahickeringillhh@thetimes.co.uk
631,Korrie,Glyde,kglydehi@themeforest.net
632,Denice,Vooght,dvooghthj@answers.com
633,Tommi,Dauney,tdauneyhk@baidu.com
634,Thedric,Risman,trismanhl@squidoo.com
635,Joycelin,Nares,jnareshm@wikia.com
636,Domeniga,Ruppertz,druppertzhn@blogger.com
637,Currie,Pauletti,cpaulettiho@go.com
638,Michaela,Mariot,mmariothp@nsw.gov.au
639,Enid,Kernar,ekernarhq@comsenz.com
640,Kelsey,Colman,kcolmanhr@quantcast.com
641,Alexis,Flacknoe,aflacknoehs@unesco.org
642,Sheri,Wreakes,swreakesht@salon.com
643,Tina,Forte,tfortehu@earthlink.net
644,Vinson,Stockhill,vstockhillhv@about.com
645,Toby,Leaves,tleaveshw@google.de
646,Jesus,Brewis,jbrewishx@de.vu
647,Grove,Conan,gconanhy@elegantthemes.com
648,Joell,Twidale,jtwidalehz@csmonitor.com
649,Jo,Easbie,jeasbiei0@freewebs.com
650,Starlene,Pidduck,spidducki1@home.pl
651,Ian,Dyett,idyetti2@scientificamerican.com
652,Fidel,Bischof,fbischofi3@tmall.com
653,Rina,Draper,rdraperi4@yahoo.com
654,Lucien,Ockleshaw,lockleshawi5@thetimes.co.uk
655,Gaynor,Wolver,gwolveri6@storify.com
656,Rudolf,Sare,rsarei7@bluehost.com
657,Westleigh,Helsdon,whelsdoni8@macromedia.com
658,Michal,Fowles,mfowlesi9@unc.edu
659,Rickey,Ceschini,rceschiniia@senate.gov
660,Eba,Chatenier,echatenierib@woothemes.com
661,Nathanil,McCarthy,nmccarthyic@unc.edu
662,Danyette,Doggart,ddoggartid@topsy.com
663,Alyda,Ivashinnikov,aivashinnikovie@spotify.com
664,Koenraad,Dyke,kdykeif@yandex.ru
665,Holly-anne,Pashler,hpashlerig@creativecommons.org
666,Sebastiano,Pasfield,spasfieldih@bizjournals.com
667,Ferdinanda,Lanigan,flaniganii@ovh.net
668,Emelda,Rewan,erewanij@theguardian.com
669,Davine,Lunney,dlunneyik@salon.com
670,Jerry,Bundock,jbundockil@zimbio.com
671,Nicolea,Curtois,ncurtoisim@umn.edu
672,Roi,Jamot,rjamotin@globo.com
673,Dniren,Edelheit,dedelheitio@netlog.com
674,Darin,Texton,dtextonip@springer.com
675,Ajay,Diehn,adiehniq@wordpress.com
676,Carver,Lemon,clemonir@oaic.gov.au
677,Davy,Stuehmeier,dstuehmeieris@ucoz.com
678,Evy,Thorp,ethorpit@mysql.com
679,Paulie,Reuben,preubeniu@google.ru
680,Benedicto,Cowill,bcowilliv@mtv.com
681,Emmalynne,Geipel,egeipeliw@pagesperso-orange.fr
682,Lorenza,Sussams,lsussamsix@sakura.ne.jp
683,Victoria,Gomer,vgomeriy@nasa.gov
684,Inna,Atlee,iatleeiz@blogspot.com
685,Storm,Swindlehurst,sswindlehurstj0@cnbc.com
686,Griffie,Padson,gpadsonj1@mashable.com
687,Phillip,Figin,pfiginj2@prlog.org
688,Danell,Bury,dburyj3@prnewswire.com
689,Shurlocke,Dog,sdogj4@discovery.com
690,Carlina,Ourry,courryj5@scribd.com
691,Ursulina,Vogl,uvoglj6@vinaora.com
692,Lenora,Agnew,lagnewj7@icio.us
693,Ivonne,McVeighty,imcveightyj8@sciencedirect.com
694,Angelita,Pepin,apepinj9@hostgator.com
695,Natalina,Cunradi,ncunradija@nifty.com
696,Christabella,Madle,cmadlejb@hc360.com
697,Frayda,Scripture,fscripturejc@hexun.com
698,Joella,Finlator,jfinlatorjd@fema.gov
699,Annadiane,Greader,agreaderje@cdc.gov
700,Gabriel,Haysom,ghaysomjf@sina.com.cn
701,Yelena,Hann,yhannjg@google.co.jp
702,Forster,Aulds,fauldsjh@icq.com
703,Raviv,Loche,rlocheji@linkedin.com
704,Ragnar,Shadrack,rshadrackjj@home.pl
705,Royal,Baiden,rbaidenjk@digg.com
706,Adaline,Vickarman,avickarmanjl@shutterfly.com
707,Bruis,Steketee,bsteketeejm@yahoo.co.jp
708,Delinda,Walshaw,dwalshawjn@networkadvertising.org
709,Paddy,McLaverty,pmclavertyjo@answers.com
710,Creight,Lambell,clambelljp@reference.com
711,Eustace,Bustin,ebustinjq@wiley.com
712,Der,Ronchi,dronchijr@sitemeter.com
713,Ellerey,Taverner,etavernerjs@samsung.com
714,Renard,Durie,rduriejt@stanford.edu
715,Janey,Conroy,jconroyju@soup.io
716,Lizette,Brecken,lbreckenjv@auda.org.au
717,Leonore,Bedells,lbedellsjw@prweb.com
718,Jilli,Gwyneth,jgwynethjx@surveymonkey.com
719,Rianon,Shillington,rshillingtonjy@naver.com
720,Farleigh,Shorten,fshortenjz@seattletimes.com
721,Bevon,Chatteris,bchatterisk0@e-recht24.de
722,Ferrel,Dadge,fdadgek1@telegraph.co.uk
723,Chiquia,Largan,clargank2@clickbank.net
724,Anthiathia,Casa,acasak3@opera.com
725,Benedicta,Aveling,bavelingk4@noaa.gov
726,Ruddy,Daspar,rdaspark5@myspace.com
727,Hilliard,Pina,hpinak6@walmart.com
728,Solly,Thaine,sthainek7@people.com.cn
729,Jennee,Hanrott,jhanrottk8@thetimes.co.uk
730,Hanson,Shire,hshirek9@w3.org
731,Irena,Scamadine,iscamadineka@geocities.jp
732,Caryl,Mansell,cmansellkb@chronoengine.com
733,Koral,Boick,kboickkc@google.fr
734,Darrick,Brasted,dbrastedkd@sourceforge.net
735,Eulalie,Roubeix,eroubeixke@cyberchimps.com
736,Eachelle,Embra,eembrakf@bravesites.com
737,Briant,Avo,bavokg@bloglines.com
738,Carmelle,McConnell,cmcconnellkh@vinaora.com
739,Floria,Wheldon,fwheldonki@jugem.jp
740,Peta,Cheshire,pcheshirekj@telegraph.co.uk
741,Adelaide,Drains,adrainskk@oaic.gov.au
742,Hart,Putman,hputmankl@surveymonkey.com
743,Deeann,Lerohan,dlerohankm@who.int
744,Hercule,Dufaur,hdufaurkn@privacy.gov.au
745,Kristine,Purcell,kpurcellko@ucla.edu
746,Cairistiona,Legges,cleggeskp@plala.or.jp
747,Lynne,Terzo,lterzokq@rediff.com
748,Avrit,Colcutt,acolcuttkr@economist.com
749,Eddy,Weigh,eweighks@shinystat.com
750,Christie,Penelli,cpenellikt@uiuc.edu
751,Gardiner,Izatson,gizatsonku@irs.gov
752,Julio,Shapero,jshaperokv@ameblo.jp
753,Ivette,Roderigo,iroderigokw@yellowbook.com
754,Regina,Diego,rdiegokx@tuttocitta.it
755,Tarrance,Gogerty,tgogertyky@theglobeandmail.com
756,Jayne,Slowey,jsloweykz@technorati.com
757,Gav,Buesnel,gbuesnell0@hatena.ne.jp
758,Holly,Durand,hdurandl1@aboutads.info
759,Izzy,Shine,ishinel2@hhs.gov
760,Cornie,Alabone,calabonel3@bravesites.com
761,Rois,Petran,rpetranl4@aboutads.info
762,Sioux,Colborn,scolbornl5@hubpages.com
763,Robbi,Gossage,rgossagel6@opensource.org
764,Candi,Swash,cswashl7@wiley.com
765,Christian,Blazynski,cblazynskil8@bigcartel.com
766,Neddie,Philo,nphilol9@etsy.com
767,Patin,Woodwin,pwoodwinla@dagondesign.com
768,Stanleigh,Feehily,sfeehilylb@hp.com
769,Janeta,Bonde,jbondelc@narod.ru
770,Barbra,O'Cuddie,bocuddield@weather.com
771,Olivette,Thomasen,othomasenle@walmart.com
772,Lucia,Kleimt,lkleimtlf@cnn.com
773,Cazzie,Szymczyk,cszymczyklg@youtube.com
774,Eleanore,Jenne,ejennelh@indiatimes.com
775,Teodor,Fergyson,tfergysonli@ehow.com
776,Poul,Lusher,plusherlj@cornell.edu
777,Budd,Irnis,birnislk@over-blog.com
778,Thurston,Boyes,tboyesll@yolasite.com
779,Valentijn,Mose,vmoselm@canalblog.com
780,Duke,Livingstone,dlivingstoneln@icq.com
781,Shandie,Daelman,sdaelmanlo@bbb.org
782,Rahal,Isakowicz,risakowiczlp@ibm.com
783,Gaspard,Coldbathe,gcoldbathelq@utexas.edu
784,Arthur,Halcro,ahalcrolr@tinypic.com
785,Faythe,Bellwood,fbellwoodls@msu.edu
786,Roanna,Vanstone,rvanstonelt@parallels.com
787,Kristin,Ahren,kahrenlu@eepurl.com
788,Harriette,Lynskey,hlynskeylv@cnn.com
789,Lemuel,Bracknell,lbracknelllw@artisteer.com
790,Genia,Cordingly,gcordinglylx@earthlink.net
791,Baxter,Fenelow,bfenelowly@google.com.hk
792,Kristal,Grancher,kgrancherlz@wunderground.com
793,Tamas,Penke,tpenkem0@google.co.uk
794,Claudius,Mitchell,cmitchellm1@chronoengine.com
795,Almeda,Klaas,aklaasm2@forbes.com
796,Ulrich,Trenouth,utrenouthm3@mayoclinic.com
797,Jeffy,Costock,jcostockm4@studiopress.com
798,Matthaeus,Hanmore,mhanmorem5@cdbaby.com
799,Nanice,Beisley,nbeisleym6@illinois.edu
800,Jazmin,Jorcke,jjorckem7@acquirethisname.com
801,Charmion,Tanfield,ctanfieldm8@cbc.ca
802,Kimmi,Gorke,kgorkem9@ted.com
803,Ward,Savell,wsavellma@free.fr
804,Tammara,Lockney,tlockneymb@fc2.com
805,Keriann,Gutridge,kgutridgemc@mashable.com
806,Gwenette,Doncom,gdoncommd@prnewswire.com
807,Gustavus,Folcarelli,gfolcarellime@ehow.com
808,Rick,Thickins,rthickinsmf@dailymotion.com
809,Hunfredo,Deesly,hdeeslymg@ow.ly
810,Suzi,Hungerford,shungerfordmh@yolasite.com
811,Madelene,Crevagh,mcrevaghmi@acquirethisname.com
812,Kat,Gorrie,kgorriemj@merriam-webster.com
813,Homer,Goublier,hgoubliermk@weibo.com
814,Donella,Meus,dmeusml@unc.edu
815,Chevy,Burnham,cburnhammm@csmonitor.com
816,Blake,Kitchingman,bkitchingmanmn@reuters.com
817,Waylen,Shillum,wshillummo@trellian.com
818,Rhonda,Dovidaitis,rdovidaitismp@who.int
819,Maximo,Gale,mgalemq@bloglines.com
820,Maggi,Height,mheightmr@goo.gl
821,Winny,Scoon,wscoonms@skyrock.com
822,Tarrance,Greggor,tgreggormt@desdev.cn
823,Smitty,Thurlow,sthurlowmu@barnesandnoble.com
824,Griffy,Chittenden,gchittendenmv@github.io
825,Sheree,Langer,slangermw@theglobeandmail.com
826,Giordano,Admans,gadmansmx@earthlink.net
827,Levy,Scoterbosh,lscoterboshmy@nature.com
828,Andreana,Wyles,awylesmz@wisc.edu
829,Hyacinth,Ballintyne,hballintynen0@skyrock.com
830,Wanda,Filyukov,wfilyukovn1@infoseek.co.jp
831,Roda,Adami,radamin2@dyndns.org
832,Linell,Eddow,leddown3@about.me
833,Riobard,Dutton,rduttonn4@myspace.com
834,Issiah,Taggart,itaggartn5@privacy.gov.au
835,Tammy,Bissiker,tbissikern6@godaddy.com
836,Bethany,Polamontayne,bpolamontaynen7@imdb.com
837,Sterne,Bielefeld,sbielefeldn8@dropbox.com
838,Denice,Wildbore,dwildboren9@aol.com
839,Marthe,Valde,mvaldena@ocn.ne.jp
840,Romy,Smorthit,rsmorthitnb@phpbb.com
841,Trixi,Scad,tscadnc@xrea.com
842,Godfry,Lovell,glovellnd@ucoz.ru
843,Huntlee,Pershouse,hpershousene@blogger.com
844,Leslie,Tift,ltiftnf@tamu.edu
845,Bradney,Hulmes,bhulmesng@zimbio.com
846,Christos,Yokley,cyokleynh@phoca.cz
847,Kendre,McLevie,kmclevieni@census.gov
848,Morrie,Canton,mcantonnj@livejournal.com
849,Reiko,Hubane,rhubanenk@virginia.edu
850,Anabal,Noyce,anoycenl@soup.io
851,Shirley,Grasner,sgrasnernm@symantec.com
852,Carolyn,Coke,ccokenn@gizmodo.com
853,Phillipe,Agronski,pagronskino@dion.ne.jp
854,Jandy,Sokill,jsokillnp@odnoklassniki.ru
855,Grete,Groll,ggrollnq@people.com.cn
856,Alden,Betjes,abetjesnr@mtv.com
857,Gail,Salvadori,gsalvadorins@naver.com
858,Karleen,Pere,kperent@blog.com
859,Towney,Leighton,tleightonnu@feedburner.com
860,Huey,Glossup,hglossupnv@creativecommons.org
861,Colas,Josefsson,cjosefssonnw@telegraph.co.uk
862,Magda,Yoxen,myoxennx@studiopress.com
863,Idaline,McRamsey,imcramseyny@usnews.com
864,Fedora,Siret,fsiretnz@fema.gov
865,Tiertza,Boylan,tboylano0@joomla.org
866,Cathryn,Hallaways,challawayso1@nba.com
867,Gabbie,Heugel,gheugelo2@sciencedirect.com
868,Tammie,Aves,taveso3@posterous.com
869,Virgilio,Leverentz,vleverentzo4@ibm.com
870,Mella,Drane,mdraneo5@cnn.com
871,Tab,Mathis,tmathiso6@boston.com
872,Bevon,McKain,bmckaino7@purevolume.com
873,George,Dabnot,gdabnoto8@imdb.com
874,Imogen,Stoller,istollero9@php.net
875,Dickie,Hughlin,dhughlinoa@mozilla.org
876,Annecorinne,Allridge,aallridgeob@yolasite.com
877,Hubey,Skingley,hskingleyoc@craigslist.org
878,Shelba,Arndell,sarndellod@aboutads.info
879,Deni,Sabban,dsabbanoe@china.com.cn
880,Cinderella,Fentem,cfentemof@sogou.com
881,Alla,Sambath,asambathog@rambler.ru
882,Doti,Palay,dpalayoh@opera.com
883,Rob,Baldinotti,rbaldinottioi@webeden.co.uk
884,Basil,Whitmore,bwhitmoreoj@surveymonkey.com
885,Bink,Vallow,bvallowok@un.org
886,Jackson,Newborn,jnewbornol@phpbb.com
887,Farleigh,Youel,fyouelom@hugedomains.com
888,Mordecai,Baruch,mbaruchon@youtu.be
889,Henderson,Rivers,hriversoo@mapy.cz
890,Antonetta,Scedall,ascedallop@nps.gov
891,Ennis,McCafferky,emccafferkyoq@jigsy.com
892,Richardo,Galbraith,rgalbraithor@salon.com
893,Jania,Litton,jlittonos@ca.gov
894,Wendie,Prime,wprimeot@apache.org
895,Candy,Alton,caltonou@timesonline.co.uk
896,Lotta,Doche,ldocheov@vinaora.com
897,Claudell,Gioani,cgioaniow@vinaora.com
898,Darcey,Dummer,ddummerox@sakura.ne.jp
899,Yasmeen,Dagnan,ydagnanoy@networkadvertising.org
900,Tine,Hallt,thalltoz@blogtalkradio.com
901,Eugenius,Lardiner,elardinerp0@house.gov
902,Debera,Pasterfield,dpasterfieldp1@mapy.cz
903,Dory,Cuniffe,dcuniffep2@discovery.com
904,Rochell,Routledge,rroutledgep3@qq.com
905,Miof mela,Harbach,mharbachp4@taobao.com
906,Tonye,Stamper,tstamperp5@economist.com
907,Judd,Dunrige,jdunrigep6@hc360.com
908,Jaymie,Gurton,jgurtonp7@trellian.com
909,Deina,Derx,dderxp8@diigo.com
910,Miranda,Bryceson,mbrycesonp9@macromedia.com
911,Aila,Noye,anoyepa@hao123.com
912,Randene,Longstreeth,rlongstreethpb@prlog.org
913,Harp,Jewis,hjewispc@blogger.com
914,Ethe,Popplestone,epopplestonepd@gnu.org
915,Halley,Menghi,hmenghipe@linkedin.com
916,Reinaldos,McKernan,rmckernanpf@utexas.edu
917,Dougie,Brende,dbrendepg@fc2.com
918,Shell,Antoszczyk,santoszczykph@ebay.com
919,Adriena,Brickell,abrickellpi@unblog.fr
920,Jessica,Tompkins,jtompkinspj@symantec.com
921,Lavinie,Renac,lrenacpk@samsung.com
922,Hanson,Alldred,halldredpl@yelp.com
923,Gilberta,Janowicz,gjanowiczpm@livejournal.com
924,Dew,Rosenblatt,drosenblattpn@rakuten.co.jp
925,Marty,Faill,mfaillpo@biblegateway.com
926,Melodie,Brandin,mbrandinpp@latimes.com
927,Katy,Noakes,knoakespq@npr.org
928,Bealle,Grimston,bgrimstonpr@yellowpages.com
929,Hailee,Colin,hcolinps@zimbio.com
930,Farleigh,Mallinder,fmallinderpt@msn.com
931,Davide,Lethieulier,dlethieulierpu@google.de
932,Nikki,Allmen,nallmenpv@independent.co.uk
933,Oona,Maingot,omaingotpw@list-manage.com
934,Hadley,Ishak,hishakpx@telegraph.co.uk
935,Noach,Covet,ncovetpy@squarespace.com
936,Laural,Leatt,lleattpz@npr.org
937,Frankie,Brosnan,fbrosnanq0@histats.com
938,Merrill,Brookesbie,mbrookesbieq1@whitehouse.gov
939,Honor,Ritchley,hritchleyq2@netlog.com
940,Charlotte,Rowly,crowlyq3@ustream.tv
941,Bank,O'Lagen,bolagenq4@omniture.com
942,Wallache,Gomez,wgomezq5@wordpress.org
943,Darla,Gobel,dgobelq6@si.edu
944,Umberto,Bodycomb,ubodycombq7@economist.com
945,Phip,Copland,pcoplandq8@ucoz.com
946,Kele,Roadnight,kroadnightq9@opera.com
947,Linus,Tassell,ltassellqa@chron.com
948,Em,Garbar,egarbarqb@pagesperso-orange.fr
949,Salome,Glencrash,sglencrashqc@geocities.com
950,Adelice,Halleday,ahalledayqd@typepad.com
951,Dagmar,Reckus,dreckusqe@vk.com
952,Aurie,Parvin,aparvinqf@a8.net
953,Carey,Klemz,cklemzqg@360.cn
954,Crysta,Galliard,cgalliardqh@statcounter.com
955,Gerrilee,Kevane,gkevaneqi@dedecms.com
956,Shelagh,Beverage,sbeverageqj@exblog.jp
957,Timmy,Chisholme,tchisholmeqk@joomla.org
958,Hagan,Nowill,hnowillql@gmpg.org
959,Ado,Petrakov,apetrakovqm@wisc.edu
960,Walliw,Burnhams,wburnhamsqn@ning.com
961,Morry,Hardiker,mhardikerqo@clickbank.net
962,Ottilie,Edwicker,oedwickerqp@examiner.com
963,Gwenora,Moston,gmostonqq@aol.com
964,Harv,Dobbie,hdobbieqr@cafepress.com
965,Colman,Maddin,cmaddinqs@networksolutions.com
966,Ame,Fidell,afidellqt@shop-pro.jp
967,Kristofor,Youles,kyoulesqu@wisc.edu
968,Jarrad,Parks,jparksqv@cdbaby.com
969,Byrann,Liptrod,bliptrodqw@github.com
970,Stanislas,Croson,scrosonqx@bloomberg.com
971,Killian,Deegan,kdeeganqy@virginia.edu
972,Mayer,Colvill,mcolvillqz@mapy.cz
973,Killian,Ruhben,kruhbenr0@cocolog-nifty.com
974,Jasper,Krelle,jkreller1@icio.us
975,Amabel,Hartman,ahartmanr2@com.com
976,Mechelle,Cess,mcessr3@hubpages.com
977,Susie,Itzkovich,sitzkovichr4@amazon.co.uk
978,Florian,Hatherley,fhatherleyr5@geocities.com
979,Bertram,Jedrzejczak,bjedrzejczakr6@about.com
980,Adoree,Sollime,asollimer7@about.me
981,Farlay,Fosberry,ffosberryr8@geocities.com
982,Lynnett,Buggs,lbuggsr9@zimbio.com
983,Ailbert,Canner,acannerra@google.nl
984,Zacharias,Carmen,zcarmenrb@devhub.com
985,Jason,Rea,jrearc@ibm.com
986,Julee,Jorin,jjorinrd@fc2.com
987,Pamelina,Cuerdale,pcuerdalere@ning.com
988,Bella,Titcumb,btitcumbrf@ca.gov
989,Anette,Lorente,alorenterg@hhs.gov
990,Shana,Pentlow,spentlowrh@forbes.com
991,Preston,Sandes,psandesri@ovh.net
992,Bil,Scotchbourouge,bscotchbourougerj@meetup.com
993,Clementine,Woolerton,cwoolertonrk@usgs.gov
994,Ede,Scoon,escoonrl@flavors.me
995,Natalya,Loyns,nloynsrm@chicagotribune.com
996,Myca,Picker,mpickerrn@alibaba.com
997,Fidela,Pulman,fpulmanro@wired.com
998,Giorgi,O'Monahan,gomonahanrp@ucsd.edu
999,Pietrek,Wonham,pwonhamrq@wufoo.com
1000,Leanor,Lotterington,llotteringtonrr@cyberchimps.com
